"","xx","yy"
"1",4,9.96851477920866
"2",5,11.0074801534766
"3",6,11.9924462604552
"4",7,12.9757155772551
"5",8,13.9692765811033
"6",9,14.9604963573583
"7",10,16.0055688661718
"8",11,17.0073522765276
"9",12,18.0332026158593
"10",13,18.9811630489018
"11",36,0.1
